run_id,cell_id,split,classes,cap,cap_value,seed,model,n_train,n_test,n_classes,own_macro_f1,own_bacc,own_acc,own_defect_f1,own_defect_bacc,gold_defect_f1,gold_defect_bacc,gold_full_macro_f1,gold_full_bacc,gold_none_f1,dup_rate,dup_rate64,dup_rate_defect,lot_share_rate,nn_hamming_mean,nn_hamming_median,nn_hamming_p10,nn_hamming_p25,nn_hamming_p75,nn_hamming_p90,final_loss,train_seconds,n_params
A3-B1-C1-s0,A3-B1-C1,A3,B1,C1,nan,0,smallcnn,110667,27668,9,0.8333797706845787,0.7906909862555977,0.9694593031661125,0.8212937521146606,0.7649778004397011,0.8269460229058236,0.7764068438072421,0.8370953671205995,0.8007761606006585,0.9865713230603955,0.024360271794130403,0.024360271794130403,0.004656862745098039,0.0,376.4205941882319,355.0,152.0,233.0,508.0,639.0,0.021824667773675175,113.87748265266418,242345
A1-B1-C1-s0,A1-B1-C1,A1,B1,C1,nan,0,smallcnn,43555,94780,9,0.4383693468572483,0.5139974086020639,0.7246148976577337,0.5457752501808055,0.48551080057125684,0.7809035133337994,0.724656974727518,0.6661436867206884,0.7338062336411671,0.8836984954455225,0.021660687908841528,0.021660687908841528,0.010307643514113543,0.0,381.61049799535766,369.0,207.0,276.0,470.0,576.0,0.000763606509535748,121.81261777877808,242345
A1-B1-C1-s1,A1-B1-C1,A1,B1,C1,nan,1,smallcnn,43555,94780,9,0.4386192588716972,0.5119413196838232,0.6956636421185904,0.5505404098475286,0.48717768335804756,0.7708088519861341,0.7171760605916421,0.6535707756544696,0.7236552502660939,0.8643453302617168,0.021660687908841528,0.021660687908841528,0.010307643514113543,0.0,381.61049799535766,369.0,207.0,276.0,470.0,576.0,0.0008874948953380226,121.04449152946472,242345
A1-B1-C1-s2,A1-B1-C1,A1,B1,C1,nan,2,smallcnn,43555,94780,9,0.44323923633693907,0.5204228094679817,0.7284026165857775,0.5537427487523512,0.4922039084983044,0.774353320482815,0.7250236514739379,0.655888927644796,0.7336276827447138,0.8800817539947975,0.021660687908841528,0.021660687908841528,0.010307643514113543,0.0,381.61049799535766,369.0,207.0,276.0,470.0,576.0,0.0008030098632589215,106.87643265724182,242345
A1-B1-C2-s0,A1-B1-C2,A1,B1,C2,5000,0,smallcnn,12983,9690,9,0.5538407459129225,0.544799847066417,0.5562435500515995,0.5752379877115741,0.5404355711382813,0.7695109836404628,0.7333613937522598,0.6052903131172318,0.7271242371929642,0.8031423290203327,0.006398348813209494,0.006398348813209494,0.009694133377904061,0.0,488.07564499484005,446.0,249.0,342.0,596.0,769.0,0.00018447708907115158,108.66516375541687,242345
A1-B1-C2-s1,A1-B1-C2,A1,B1,C2,5000,1,smallcnn,12883,9790,9,0.5403511574646722,0.5278604286268526,0.5446373850868232,0.5644680118425625,0.525911766663072,0.770581134516185,0.7397926561662391,0.6075071774455969,0.7301302450199864,0.7857346763998205,0.006332992849846782,0.006332992849846782,0.009697375020899516,0.0,488.8638406537283,451.0,249.0,343.0,597.0,766.0,0.00021100702421244933,108.89608764648438,242345
A1-B1-C2-s2,A1-B1-C2,A1,B1,C2,5000,2,smallcnn,12990,9683,9,0.5438298292403023,0.5417999236415412,0.5340287101105029,0.5768603734934401,0.5466721863353794,0.7673653867288205,0.7360440782698154,0.5836058470553941,0.7231463010869654,0.7613281737610785,0.006402974284829082,0.006402974284829082,0.009896008050989601,0.0,489.2142930909842,448.0,254.0,343.0,598.0,768.0,0.00019087951412438998,108.91721773147583,242345
A1-B1-C3-s0,A1-B1-C3,A1,B1,C3,119,0,smallcnn,606,465,9,0.4021474658542965,0.4325876035526663,0.410752688172043,0.44464610213536193,0.4582519630876587,0.5657306185899336,0.649803425598514,0.3827125085284715,0.6233079509124475,0.5781640671508513,0.004301075268817204,0.004301075268817204,0.005305039787798408,0.0,590.2236559139785,534.0,292.20000000000005,387.0,755.0,975.0000000000006,2.513198532960814e-05,107.84840893745422,242345
A1-B1-C3-s1,A1-B1-C3,A1,B1,C3,119,1,smallcnn,598,473,9,0.4572978450473006,0.4509573038576788,0.452431289640592,0.5029650014497518,0.47859133465598064,0.6055758092513737,0.6799488538650943,0.42760273959010825,0.6476605194432744,0.5563032532920217,0.004228329809725159,0.004228329809725159,0.0051813471502590676,0.0,592.9640591966173,537.0,285.0,379.0,757.0,961.4000000000001,6.842112177582749e-05,106.93745541572571,242345
A1-B1-C3-s2,A1-B1-C3,A1,B1,C3,119,2,smallcnn,605,466,9,0.4685228104218458,0.47567703867649186,0.44849785407725323,0.5035726806876706,0.501534517973419,0.5831980490409987,0.6620388326833359,0.42682516747917393,0.6284086355612266,0.5243097609807944,0.008583690987124463,0.008583690987124463,0.010723860589812333,0.0,573.8347639484979,522.0,275.5,371.25,737.75,950.0,0.00011430654182549915,106.3075942993164,242345
A1-B2-C1-s0,A1-B2-C1,A1,B2,C1,nan,0,smallcnn,14111,6306,8,0.5847976268900278,0.5697428719436483,0.6211544560735807,0.5847976268900278,0.5697428719436483,0.7734186376266221,0.7564787932076857,nan,nan,nan,0.009514747859181731,0.009514747859181731,0.009514747859181731,0.0,552.3166825245797,509.0,312.0,393.0,678.0,850.0,0.0001418718442455429,108.48932337760925,242216
A1-B2-C1-s1,A1-B2-C1,A1,B2,C1,nan,1,smallcnn,14111,6306,8,0.5659716261519931,0.5560058479425067,0.6124326038693308,0.5659716261519931,0.5560058479425067,0.774742663140099,0.7542516219178703,nan,nan,nan,0.009514747859181731,0.009514747859181731,0.009514747859181731,0.0,552.3166825245797,509.0,312.0,393.0,678.0,850.0,0.00012676541638757043,109.5774335861206,242216
A1-B2-C1-s2,A1-B2-C1,A1,B2,C1,nan,2,smallcnn,14111,6306,8,0.5738869105186402,0.568616258302222,0.6202029812876625,0.5738869105186402,0.568616258302222,0.7708249433147903,0.7549148016440627,nan,nan,nan,0.009514747859181731,0.009514747859181731,0.009514747859181731,0.0,552.3166825245797,509.0,312.0,393.0,678.0,850.0,0.00014945964119215206,103.22630834579468,242216
A1-B2-C2-s0,A1-B2-C2,A1,B2,C2,5000,0,smallcnn,11690,5983,8,0.581461527778282,0.5738823942439105,0.6097275614240347,0.581461527778282,0.5738823942439105,0.7804974128670568,0.7637790445880136,nan,nan,nan,0.009694133377904061,0.009694133377904061,0.009694133377904061,0.0,554.0412836369715,509.0,309.0,394.0,681.0,859.0,0.00011558090377002372,95.37273716926575,242216
A1-B2-C2-s1,A1-B2-C2,A1,B2,C2,5000,1,smallcnn,11692,5981,8,0.5712017704931807,0.5534076199450481,0.5957197793011202,0.5712017704931807,0.5534076199450481,0.7658656096503161,0.7491945472008568,nan,nan,nan,0.009697375020899516,0.009697375020899516,0.009697375020899516,0.0,554.5771610098645,509.0,308.0,395.0,681.0,859.0,0.0001142685231370706,95.83825635910034,242216
A1-B2-C2-s2,A1-B2-C2,A1,B2,C2,5000,2,smallcnn,11711,5962,8,0.5892257186390282,0.5752929452110491,0.6118752096611875,0.5892257186390282,0.5752929452110491,0.7687193281904916,0.7500764060478935,nan,nan,nan,0.009896008050989601,0.009896008050989601,0.009896008050989601,0.0,554.6940623951695,510.0,308.0,395.0,682.0,859.0,0.00014509790217562114,96.48483943939209,242216
A1-B2-C3-s0,A1-B2-C3,A1,B2,C3,119,0,smallcnn,575,377,8,0.46766458558524593,0.48771246581970706,0.5013262599469496,0.46766458558524593,0.48771246581970706,0.5764011575998791,0.6634873201847404,nan,nan,nan,0.005305039787798408,0.005305039787798408,0.005305039787798408,0.0,637.2546419098143,578.0,326.2,438.0,798.0,1028.4,1.9626622720352315e-05,95.1288194656372,242216
A1-B2-C3-s1,A1-B2-C3,A1,B2,C3,119,1,smallcnn,566,386,8,0.4807873850349802,0.479565492714699,0.49740932642487046,0.4807873850349802,0.479565492714699,0.5858608665471177,0.6802267251808103,nan,nan,nan,0.0051813471502590676,0.0051813471502590676,0.0051813471502590676,0.0,637.3626943005181,599.5,315.5,413.0,790.75,1073.5,1.9371449549453247e-05,94.99655556678772,242216
A1-B2-C3-s2,A1-B2-C3,A1,B2,C3,119,2,smallcnn,579,373,8,0.4932685974366056,0.511767384887462,0.5013404825737265,0.4932685974366056,0.511767384887462,0.5816063137654437,0.6778333186585306,nan,nan,nan,0.010723860589812333,0.010723860589812333,0.010723860589812333,0.0,614.5201072386059,575.0,296.2,403.0,777.0,1001.8000000000001,1.904145640128263e-05,96.54776358604431,242216
A2-B1-C1-s0,A2-B1-C1,A2,B1,C1,nan,0,smallcnn,110668,27667,9,0.8438835714497446,0.810293836163197,0.9713376947265696,0.8392361220867244,0.7872748923457404,0.8324811703066877,0.7861254576142798,0.8388534165059813,0.8092568060198027,0.9868011769651114,0.023855134275490658,0.023891278418332308,0.0031839333823169237,0.9843495861495645,377.81089384465247,361.0,144.0,230.0,511.0,641.0,0.02255234775133431,99.15405607223511,242345
A2-B1-C1-s1,A2-B1-C1,A2,B1,C1,nan,1,smallcnn,110668,27667,9,0.8474736871707838,0.8166262842772984,0.9706148118697365,0.8401640564975874,0.7943564948458821,0.8226620345574507,0.7706769886804734,0.830778212823236,0.7956415430315623,0.9869972785001512,0.024108143275382226,0.024108143275382226,0.004653441097232427,0.9842050095781979,377.6067517258828,360.0,145.0,231.0,510.0,644.0,0.02257694096537307,99.91747188568115,242345
A2-B1-C1-s2,A2-B1-C1,A2,B1,C1,nan,2,smallcnn,110668,27667,9,0.8380918969938294,0.8001584898428737,0.9710485415838364,0.829914812211141,0.7758037250895151,0.8258317622939086,0.7750894222606904,0.8343274684975986,0.799548646936898,0.9873107111043883,0.023276827990024215,0.023276827990024215,0.006857702669605682,0.9852170455777641,378.0168431705642,361.0,148.0,232.0,507.0,640.0,0.01985004994040355,98.52653503417969,242345
A2-B1-C2-s0,A2-B1-C2,A2,B1,C2,5000,0,smallcnn,18138,4535,9,0.8368080364078707,0.8256148759061278,0.8571113561190739,0.8393357048969803,0.8124417353943938,0.8295511866024879,0.8100262003099226,0.7408889039876538,0.8222720157142576,0.9544208602755131,0.004410143329658214,0.004410143329658214,0.005091937765205092,0.817199558985667,417.7435501653804,376.0,91.0,222.0,577.0,777.0,0.0013396661557926563,96.81437802314758,242345
A2-B1-C2-s1,A2-B1-C2,A2,B1,C2,5000,1,smallcnn,18138,4535,9,0.830189328870516,0.821315255632952,0.8635060639470783,0.8296989914851443,0.807104662587071,0.8319871037263195,0.8114144779582229,0.7365768896583401,0.8232010899296666,0.9527797325826882,0.003969128996692392,0.004189636163175303,0.005091937765205092,0.8156560088202867,413.79206174200664,371.0,87.0,214.0,579.0,767.0,0.0011210482976603089,106.67602920532227,242345
A2-B1-C2-s2,A2-B1-C2,A2,B1,C2,5000,2,smallcnn,18138,4535,9,0.8247794959375049,0.8232689092340363,0.8588754134509372,0.8249222670148093,0.8111775228882908,0.8305539430741682,0.8087603802463671,0.7411870566321409,0.8209360124453188,0.9532904224262249,0.002866593164277839,0.002866593164277839,0.0036775106082036777,0.8154355016538037,423.4555678059537,388.0,98.40000000000003,226.0,576.0,777.5999999999999,0.001274212436110247,107.27767992019653,242345
A2-B1-C3-s0,A2-B1-C3,A2,B1,C3,119,0,smallcnn,856,215,9,0.6933197383848758,0.7035024154589372,0.7023255813953488,0.7133210830113673,0.7028985507246377,0.6067194390613344,0.6918419306094611,0.47680511834237854,0.6888062405065045,0.790503637719422,0.009302325581395349,0.009302325581395349,0.010471204188481676,0.19534883720930232,609.8325581395349,546.0,231.8,377.0,813.0,1172.6,0.00016404228810279164,107.39311003684998,242345
A2-B1-C3-s1,A2-B1-C3,A2,B1,C3,119,1,smallcnn,856,215,9,0.6516606274143297,0.6684782608695652,0.6697674418604651,0.6829225820763087,0.6739130434782609,0.5952604180327454,0.6947001404526256,0.47047209569968207,0.6926833823190033,0.7995595154670138,0.0,0.0,0.0,0.22325581395348837,589.8046511627907,537.0,227.4,361.5,758.0,973.4,7.211205723433522e-05,108.79086875915527,242345
A2-B1-C3-s2,A2-B1-C3,A2,B1,C3,119,2,smallcnn,856,215,9,0.6646139533935541,0.6743156199677939,0.6744186046511628,0.6904117783070294,0.6770833333333333,0.5981675150196157,0.6850471394250948,0.4834573331826248,0.6851232029833277,0.8042761196995589,0.009302325581395349,0.009302325581395349,0.010416666666666666,0.18604651162790697,576.2558139534884,536.0,175.4,314.0,805.0,1082.3999999999999,0.00017951005160284694,110.48114371299744,242345
A2-B2-C1-s0,A2-B2-C1,A2,B2,C1,nan,0,smallcnn,16333,4084,8,0.8538272009340355,0.8503798721279284,0.8792850146914789,0.8538272009340355,0.8503798721279284,0.8286718951715575,0.826866921509207,nan,nan,nan,0.00514201762977473,0.00514201762977473,0.00514201762977473,0.7930950048971597,397.33178256611166,348.0,58.30000000000001,196.0,556.0,790.7000000000003,0.00046798749579465945,113.27947616577148,242216
A2-B2-C1-s1,A2-B2-C1,A2,B2,C1,nan,1,smallcnn,16333,4084,8,0.8365520343073152,0.821038749812264,0.8721841332027425,0.8365520343073152,0.821038749812264,0.8338055876916468,0.827627733021968,nan,nan,nan,0.0053868756121449556,0.005631733594515181,0.0053868756121449556,0.7948090107737512,405.98653281096966,352.0,68.0,202.0,574.0,793.0,0.00047540790207131067,117.85568690299988,242216
A2-B2-C1-s2,A2-B2-C1,A2,B2,C1,nan,2,smallcnn,16333,4084,8,0.8451014518722444,0.8411997433242756,0.8829578844270323,0.8451014518722444,0.8411997433242756,0.823713179530955,0.819737359027108,nan,nan,nan,0.005876591576885406,0.0061214495592556315,0.005876591576885406,0.7982370225269344,400.1055337904016,347.5,58.0,201.0,560.25,786.0,0.00038433111800259214,118.64633274078369,242216
A2-B2-C2-s0,A2-B2-C2,A2,B2,C2,5000,0,smallcnn,14138,3535,8,0.8308919994975406,0.8264059880536332,0.8540311173974541,0.8308919994975406,0.8264059880536332,0.8325546749655894,0.8321919471515888,nan,nan,nan,0.005657708628005658,0.005940594059405941,0.005657708628005658,0.7592644978783593,422.14257425742574,380.0,50.0,202.5,600.0,824.5999999999999,0.0005694508628366748,118.3360288143158,242216
A2-B2-C2-s1,A2-B2-C2,A2,B2,C2,5000,1,smallcnn,14138,3535,8,0.824499709521429,0.8205233527661767,0.8545968882602546,0.824499709521429,0.8205233527661767,0.8234237038441774,0.8163749948814916,nan,nan,nan,0.004526166902404526,0.004526166902404526,0.004526166902404526,0.766053748231966,414.13041018387554,371.0,48.0,203.5,588.0,804.5999999999999,0.00048786974605172874,118.85629725456238,242216
A2-B2-C2-s2,A2-B2-C2,A2,B2,C2,5000,2,smallcnn,14138,3535,8,0.8250233072374229,0.8229627352539942,0.8596888260254597,0.8250233072374229,0.8229627352539942,0.8139014115895622,0.8107555410205056,nan,nan,nan,0.004526166902404526,0.004526166902404526,0.004526166902404526,0.7728429985855728,426.2246110325318,376.0,52.400000000000034,203.0,609.0,829.0,0.0004198677669155586,115.05604958534241,242216
A2-B2-C3-s0,A2-B2-C3,A2,B2,C3,119,0,smallcnn,761,191,8,0.7114172843943622,0.7221467391304347,0.7225130890052356,0.7114172843943622,0.7221467391304347,0.6155184766609174,0.7251565525683594,nan,nan,nan,0.0,0.0,0.0,0.24083769633507854,616.1937172774869,566.0,236.0,404.5,794.0,1099.0,0.00010605686488997889,100.69461226463318,242216
A2-B2-C3-s1,A2-B2-C3,A2,B2,C3,119,1,smallcnn,761,191,8,0.732021787636242,0.7389039855072463,0.7382198952879581,0.732021787636242,0.7389039855072463,0.6007969629925092,0.71637500836835,nan,nan,nan,0.0,0.0,0.0,0.21465968586387435,617.9633507853404,581.0,230.0,358.5,811.0,1130.0,2.4794003016722855e-05,93.90536260604858,242216
A2-B2-C3-s2,A2-B2-C3,A2,B2,C3,119,2,smallcnn,761,191,8,0.7138147717987944,0.7210144927536232,0.7225130890052356,0.7138147717987944,0.7210144927536232,0.6150792963588622,0.7299681411368661,nan,nan,nan,0.010471204188481676,0.010471204188481676,0.010471204188481676,0.18848167539267016,612.6492146596859,558.0,222.0,370.5,811.0,1141.0,2.574794743759412e-05,99.92846846580505,242216
A3-B1-C1-s1,A3-B1-C1,A3,B1,C1,nan,1,smallcnn,110674,27661,9,0.8422269992768167,0.81195272502205,0.9692708145041755,0.8360035810542965,0.7891466502343589,0.8242956414209962,0.7764294343889752,0.833796575526581,0.8007774170214053,0.987265212862471,0.023607244857380427,0.023679548823252957,0.00465230166503428,0.0,380.7822927587578,364.0,145.0,235.0,513.0,645.0,0.022030267674010246,103.48206233978271,242345
A3-B1-C1-s2,A3-B1-C1,A3,B1,C1,nan,2,smallcnn,110655,27680,9,0.8329724855056139,0.817207119667402,0.9689306358381503,0.828294260316913,0.7951314130245644,0.8388438533331486,0.7937329411034185,0.8447441300335495,0.8160453673005927,0.9871693544318698,0.02333815028901734,0.0233742774566474,0.005143277002204262,0.0,381.99830202312137,359.0,152.0,240.0,514.0,647.0,0.01985466468334198,102.35120725631714,242345
A3-B1-C2-s0,A3-B1-C2,A3,B1,C2,5000,0,smallcnn,18138,4535,9,0.8277462172169889,0.8134451724691303,0.8524807056229328,0.829268194241223,0.7997508190277716,0.8313301746563415,0.8062521781780126,0.7430926380568287,0.8190679221455761,0.9546691002263913,0.005071664829106946,0.005071664829106946,0.005940594059405941,0.0,408.1058434399118,371.0,74.40000000000003,207.0,569.5,773.5999999999999,0.0009136609499109909,101.8901903629303,242345
A3-B1-C2-s1,A3-B1-C2,A3,B1,C2,5000,1,smallcnn,18138,4535,9,0.8323954437189076,0.8272033677613879,0.8584343991179714,0.8356268745469193,0.8154787887315613,0.8301246012482942,0.8161356648060137,0.7337483718153247,0.8272132243168135,0.9522618376550169,0.003969128996692392,0.004189636163175303,0.004243281471004243,0.0,424.7715545755237,388.0,81.0,227.0,589.0,788.0,0.0009751989890210098,104.99112033843994,242345
A3-B1-C2-s2,A3-B1-C2,A3,B1,C2,5000,2,smallcnn,18137,4536,9,0.8439120174007828,0.8359713888021468,0.8635361552028219,0.8443402267979612,0.8232178124024152,0.82456234912666,0.8033637598664538,0.7375864522240936,0.8167376228159688,0.9564439454803796,0.005070546737213404,0.005070546737213404,0.006221719457013574,0.0,410.7092151675485,371.0,76.0,214.0,567.0,775.5,0.0013432557936175727,105.35431408882141,242345
A3-B1-C3-s0,A3-B1-C3,A3,B1,C3,119,0,smallcnn,856,215,9,0.6320851599123181,0.644927536231884,0.6465116279069767,0.6438890506433662,0.6422101449275361,0.6059670868895026,0.6935763683471337,0.4738115781426959,0.6900015995671649,0.7888302923763917,0.009302325581395349,0.009302325581395349,0.010471204188481676,0.0,610.1162790697674,563.0,218.0,356.0,807.0,1131.6,0.00010570180966897169,105.95433068275452,242345
A3-B1-C3-s1,A3-B1-C3,A3,B1,C3,119,1,smallcnn,857,214,9,0.6396235179626584,0.6487520128824477,0.6495327102803738,0.6568723340394524,0.6465126811594203,0.5977189090228321,0.6953569337935185,0.4659020600055167,0.6892915494730567,0.773661709656964,0.004672897196261682,0.004672897196261682,0.005263157894736842,0.0,601.3504672897196,559.5,223.2,360.75,787.75,999.3000000000003,0.00013633393344207435,105.04166030883789,242345
A3-B1-C3-s2,A3-B1-C3,A3,B1,C3,119,2,smallcnn,857,214,9,0.679302978146154,0.6910225442834138,0.6915887850467289,0.6917460000729585,0.6784420289855072,0.6111676974533524,0.6967023878490096,0.4920184544179402,0.6971964165723676,0.8158574329252666,0.014018691588785047,0.014018691588785047,0.015789473684210527,0.0,601.7850467289719,560.0,193.0,322.75,847.0,1147.1000000000004,0.00024350404738652287,105.36519646644592,242345
A3-B2-C1-s0,A3-B2-C1,A3,B2,C1,nan,0,smallcnn,16333,4084,8,0.8193215323656964,0.8099332972801934,0.8775710088148874,0.8193215323656964,0.8099332972801934,0.8310256483745984,0.8309314768796588,nan,nan,nan,0.0053868756121449556,0.005631733594515181,0.0053868756121449556,0.0,415.8371694417238,356.0,55.30000000000001,204.0,581.0,830.0,0.0006160256612638477,105.92476320266724,242216
A3-B2-C1-s1,A3-B2-C1,A3,B2,C1,nan,1,smallcnn,16333,4084,8,0.8243538239280291,0.8255266980291962,0.8726738491674828,0.8243538239280291,0.8255266980291962,0.8382180504313804,0.8354238090672378,nan,nan,nan,0.007100881488736533,0.007100881488736533,0.007100881488736533,0.0,410.7818315377081,362.0,46.0,208.0,572.25,781.0,0.0004119465747717186,106.61738634109497,242216
A3-B2-C1-s2,A3-B2-C1,A3,B2,C1,nan,2,smallcnn,16333,4084,8,0.8267776322464373,0.8263052339313641,0.8704701273261508,0.8267776322464373,0.8263052339313641,0.8190032456923722,0.8188551508028831,nan,nan,nan,0.004407443682664055,0.004897159647404506,0.004407443682664055,0.0,417.78991185112636,356.0,87.30000000000001,209.0,578.0,814.0,0.00046635288449033396,106.10569787025452,242216
A3-B2-C2-s0,A3-B2-C2,A3,B2,C2,5000,0,smallcnn,14138,3535,8,0.8346589918612659,0.8375464799233021,0.8577086280056577,0.8346589918612659,0.8375464799233021,0.8308732308370651,0.8305728638518579,nan,nan,nan,0.0036775106082036777,0.0036775106082036777,0.0036775106082036777,0.0,432.55756718528994,379.0,62.400000000000034,217.0,610.0,835.5999999999999,0.0006109177906109835,105.18461227416992,242216
A3-B2-C2-s1,A3-B2-C2,A3,B2,C2,5000,1,smallcnn,14138,3535,8,0.8218964666361335,0.8267057333455341,0.8517680339462518,0.8218964666361335,0.8267057333455341,0.8255307323190537,0.8267805853641952,nan,nan,nan,0.005091937765205092,0.005374823196605375,0.005091937765205092,0.0,434.59547383309757,386.0,42.0,220.0,609.0,827.0,0.0004674779781125835,105.91197562217712,242216
A3-B2-C2-s2,A3-B2-C2,A3,B2,C2,5000,2,smallcnn,14138,3535,8,0.8314560054936282,0.8308380380215266,0.8543140028288543,0.8314560054936282,0.8308380380215266,0.8236209494008186,0.8233189750283983,nan,nan,nan,0.005091937765205092,0.005091937765205092,0.005091937765205092,0.0,422.26223479490807,376.0,51.400000000000034,205.0,599.5,826.5999999999999,0.00042074232026789103,107.29130578041077,242216
A3-B2-C3-s0,A3-B2-C3,A3,B2,C3,119,0,smallcnn,761,191,8,0.7553357934553953,0.7595108695652174,0.7591623036649214,0.7553357934553953,0.7595108695652174,0.6100786465209189,0.7183971081175196,nan,nan,nan,0.0,0.0,0.0,0.0,616.4607329842931,545.0,191.0,382.0,785.5,1188.0,2.650882210582495e-05,106.29396390914917,242216
A3-B2-C3-s1,A3-B2-C3,A3,B2,C3,119,1,smallcnn,761,191,8,0.7441786788483746,0.754302536231884,0.7539267015706806,0.7441786788483746,0.754302536231884,0.6141152531771523,0.7297318665758454,nan,nan,nan,0.005235602094240838,0.005235602094240838,0.005235602094240838,0.0,626.0523560209424,569.0,222.0,355.0,855.0,1197.0,0.00013966827070180444,103.75791144371033,242216
A3-B2-C3-s2,A3-B2-C3,A3,B2,C3,119,2,smallcnn,761,191,8,0.6689813429973922,0.6734601449275363,0.675392670157068,0.6689813429973922,0.6734601449275363,0.6249187524031022,0.7141308089923949,nan,nan,nan,0.031413612565445025,0.031413612565445025,0.031413612565445025,0.0,604.9162303664922,572.0,190.0,368.0,848.5,1105.0,0.0001180729655752657,102.56826305389404,242216
A4-B1-C1-s0,A4-B1-C1,A4,B1,C1,nan,0,smallcnn,110665,27670,9,0.5348632314539093,0.5088171253465594,0.9625587278641128,0.5130019515263294,0.44878343819527333,0.8219584020099198,0.7708667987616673,0.8287241284393283,0.7956144925017025,0.9855812859207475,0.0,0.0,0.0,0.0,316.75142753885075,317.0,191.0,253.0,365.0,416.0,0.019081372401677073,99.35577201843262,242345
A4-B1-C1-s1,A4-B1-C1,A4,B1,C1,nan,1,smallcnn,110665,27670,9,0.5855826172467986,0.5682490991675364,0.9654860860137333,0.5735564133995378,0.515630149104356,0.8252392037407255,0.774492832580987,0.8300690309768891,0.7987698669275738,0.9864018848872433,0.0,0.0,0.0,0.0,316.75142753885075,317.0,191.0,253.0,365.0,416.0,0.022209992623887957,99.2131736278534,242345
A4-B1-C1-s2,A4-B1-C1,A4,B1,C1,nan,2,smallcnn,110665,27670,9,0.5937478344832898,0.577103825041061,0.963136971449223,0.5877532171835864,0.5259244406341186,0.8294898975110959,0.7807332705077255,0.832496421206605,0.8042303320192459,0.9857936374347753,0.0,0.0,0.0,0.0,316.75142753885075,317.0,191.0,253.0,365.0,416.0,0.018472285429015755,102.55473446846008,242345
A2-B1-C1-s0-resnet18,A2-B1-C1,A2,B1,C1,nan,0,resnet18,110668,27667,9,0.8929104119653738,0.8748318441798528,0.9778074962952253,0.894292242445049,0.8598165489221444,0.88723394377376,0.8528504921100767,0.8871700468093273,0.8686093608058126,0.989884003237119,0.023855134275490658,0.023891278418332308,0.0031839333823169237,0.9843495861495645,377.81089384465247,361.0,144.0,230.0,511.0,641.0,0.0006510618360480294,2024.0761933326721,11173449
